{"name":"e9ae95d0-31e2-4be5-be49-f769aa7d5a26","id":"/providers/Microsoft.Flow/flows/e9ae95d0-31e2-4be5-be49-f769aa7d5a26","type":"Microsoft.Flow/flows","properties":{"apiId":"/providers/Microsoft.PowerApps/apis/shared_logicflows","displayName":"FetchToken","definition":{"metadata":{"workflowEntityId":null,"creator":{"id":"24664b77-c1c8-4fc8-8a47-dfb149781236","type":"User","tenantId":"52d05dd6-9e21-494f-8502-77658dbe16b8"},"provisioningMethod":"FromDefinition","failureAlertSubscription":true,"clientLastModifiedTime":"2020-04-15T05:13:19.1449955Z"},"$schema":"https://schema.management.azure.com/providers/Microsoft.Logic/schemas/2016-06-01/workflowdefinition.json#","contentVersion":"1.0.0.0","parameters":{"$authentication":{"defaultValue":{},"type":"SecureObject"}},"triggers":{"manual":{"type":"Request","kind":"Http","inputs":{"schema":{}}}},"actions":{"HTTP":{"runAfter":{},"type":"Http","inputs":{"method":"POST","uri":"https://accounts.accesscontrol.windows.net/52d05dd6-9e21-494f-8502-77658dbe16b8/tokens/OAuth/2","headers":{"Content-Type":"application/x-www-form-urlencoded"},"body":"grant_type=client_credentials&client_id=3c4b073d-528d-4fc1-85e1-4fe599a37828@52d05dd6-9e21-494f-8502-77658dbe16b8&client_secret=krEnyVuSip9F7rUhp5vbHSryfdNU5lxJOJkjRKQQ1NE=&resource=00000003-0000-0ff1-ce00-000000000000/testinglala.sharepoint.com@52d05dd6-9e21-494f-8502-77658dbe16b8"}},"Response":{"runAfter":{"HTTP":["Succeeded"]},"type":"Response","kind":"Http","inputs":{"statusCode":200,"body":"@body('HTTP')"}}},"outputs":{}},"connectionReferences":{},"flowFailureAlertSubscribed":false}}